-- phpMyAdmin SQL Dump
-- version 4.8.4
-- https://www.phpmyadmin.net/
--
-- Host: 127.0.0.1:3306
-- Generation Time: Jun 10, 2019 at 03:08 PM
-- Server version: 5.7.24
-- PHP Version: 7.2.14

SET SQL_MODE = "NO_AUTO_VALUE_ON_ZERO";
SET AUTOCOMMIT = 0;
START TRANSACTION;
SET time_zone = "+00:00";


/*!40101 SET @OLD_CHARACTER_SET_CLIENT=@@CHARACTER_SET_CLIENT */;
/*!40101 SET @OLD_CHARACTER_SET_RESULTS=@@CHARACTER_SET_RESULTS */;
/*!40101 SET @OLD_COLLATION_CONNECTION=@@COLLATION_CONNECTION */;
/*!40101 SET NAMES utf8mb4 */;

--
-- Database: `artemida`
--

-- --------------------------------------------------------

--
-- Table structure for table `allowed_pets`
--

DROP TABLE IF EXISTS `allowed_pets`;
CREATE TABLE IF NOT EXISTS `allowed_pets` (
  `pet_type` varchar(20) COLLATE utf8_bin NOT NULL,
  `pet_race` varchar(20) COLLATE utf8_bin NOT NULL,
  PRIMARY KEY (`pet_type`,`pet_race`)
) ENGINE=MyISAM DEFAULT CHARSET=utf8 COLLATE=utf8_bin;

--
-- Dumping data for table `allowed_pets`
--

INSERT INTO `allowed_pets` (`pet_type`, `pet_race`) VALUES
('mačka', 'nisam siguran'),
('mačka', 'persijska'),
('pas', 'buldog'),
('pas', 'mešanac'),
('pas', 'nisam siguran'),
('pas', 'staford'),
('pas', 'vučijak'),
('pas', 'šar planinac'),
('riba', 'borac'),
('riba', 'nisam siguran'),
('riba', 'skalar'),
('riba', 'čistač');

-- --------------------------------------------------------

--
-- Table structure for table `gallery`
--

DROP TABLE IF EXISTS `gallery`;
CREATE TABLE IF NOT EXISTS `gallery` (
  `gallery_id` int(11) NOT NULL AUTO_INCREMENT,
  `member_id` binary(16) DEFAULT NULL,
  PRIMARY KEY (`gallery_id`),
  KEY `member_id` (`member_id`)
) ENGINE=MyISAM AUTO_INCREMENT=17 DEFAULT CHARSET=latin1;

--
-- Dumping data for table `gallery`
--

INSERT INTO `gallery` (`gallery_id`, `member_id`) VALUES
(1, NULL),
(2, 0xb7981afd676111e99c9794de8021b409),
(3, 0xb7981afd676111e99c9794de8021b409),
(4, 0xb7981afd676111e99c9794de8021b409),
(5, 0xb7981afd676111e99c9794de8021b409),
(6, 0xb7981afd676111e99c9794de8021b409),
(7, 0xb7981afd676111e99c9794de8021b409),
(8, 0xb7981afd676111e99c9794de8021b409),
(9, 0xb7981afd676111e99c9794de8021b409),
(10, 0xb7981afd676111e99c9794de8021b409),
(11, 0xb7981afd676111e99c9794de8021b409),
(12, 0xb7981afd676111e99c9794de8021b409),
(13, 0xb7981afd676111e99c9794de8021b409),
(14, 0xb7981afd676111e99c9794de8021b409),
(15, 0xb7981afd676111e99c9794de8021b409),
(16, 0xb7981afd676111e99c9794de8021b409);

-- --------------------------------------------------------

--
-- Table structure for table `image`
--

DROP TABLE IF EXISTS `image`;
CREATE TABLE IF NOT EXISTS `image` (
  `image_id` int(11) NOT NULL AUTO_INCREMENT,
  `image_upload_date` date NOT NULL,
  `image_owner` binary(16) NOT NULL,
  `image_name` varchar(255) DEFAULT NULL,
  `gallery_id` int(11) DEFAULT NULL,
  PRIMARY KEY (`image_id`),
  KEY `image_owner` (`image_owner`),
  KEY `gallery_id` (`gallery_id`)
) ENGINE=MyISAM AUTO_INCREMENT=52 DEFAULT CHARSET=latin1;

--
-- Dumping data for table `image`
--

INSERT INTO `image` (`image_id`, `image_upload_date`, `image_owner`, `image_name`, `gallery_id`) VALUES
(14, '2019-04-25', 0xb7981afd676111e99c9794de8021b409, '56581418e0e0ad7fa858378234b4d503.jpg', NULL),
(15, '2019-04-25', 0xb7981afd676111e99c9794de8021b409, 'jovana2.jpg', NULL),
(16, '2019-04-25', 0xb7981afd676111e99c9794de8021b409, 'jovana2 - Copy_2.jpg', NULL),
(17, '2019-04-25', 0xb7981afd676111e99c9794de8021b409, 'garaza baza.jpg', NULL),
(18, '2019-04-25', 0xb7981afd676111e99c9794de8021b409, 'garaza baza_1.jpg', NULL),
(19, '2019-04-25', 0xb7981afd676111e99c9794de8021b409, 'garaza baza_2.jpg', NULL),
(20, '2019-04-25', 0xb7981afd676111e99c9794de8021b409, 'jovana.jpg', NULL),
(21, '2019-05-27', 0xb7981afd676111e99c9794de8021b409, 'download (1).jpg', 2),
(22, '2019-05-27', 0xb7981afd676111e99c9794de8021b409, 'download.jpg', 2),
(23, '2019-05-27', 0xb7981afd676111e99c9794de8021b409, 'download (1)_1.jpg', 3),
(24, '2019-05-27', 0xb7981afd676111e99c9794de8021b409, 'download_1.jpg', 3),
(25, '2019-05-27', 0xb7981afd676111e99c9794de8021b409, 'download (1)_2.jpg', 4),
(26, '2019-05-27', 0xb7981afd676111e99c9794de8021b409, 'download_2.jpg', 4),
(27, '2019-05-27', 0xb7981afd676111e99c9794de8021b409, 'download (1)_3.jpg', 5),
(28, '2019-05-27', 0xb7981afd676111e99c9794de8021b409, 'download_3.jpg', 5),
(29, '2019-06-01', 0xb7981afd676111e99c9794de8021b409, 'dog.jpeg', 6),
(30, '2019-06-01', 0xb7981afd676111e99c9794de8021b409, 'dogovi.jpg', 6),
(31, '2019-06-01', 0xb7981afd676111e99c9794de8021b409, 'IMG_2592.jpg', 7),
(32, '2019-06-01', 0xb7981afd676111e99c9794de8021b409, 'pit.jpg', 7),
(33, '2019-06-02', 0xb7981afd676111e99c9794de8021b409, '2XGk9lMaHR0cDovL29jZG4uZXUvaW1hZ2VzL3B1bHNjbXMvT1RjN01EQV8vODUzZWM2ODhkYmQ5OWVkMzVlNTEzY2YwYzM3YmZiZjIuanBlZ5GTAs0CQgCBAAE.jpg', 8),
(34, '2019-06-02', 0xb7981afd676111e99c9794de8021b409, 'maxresdefault.jpg', 8),
(35, '2019-06-02', 0xb7981afd676111e99c9794de8021b409, 'profimedia-0050591858_1000x0.jpg', 8),
(36, '2019-06-02', 0xb7981afd676111e99c9794de8021b409, 'download_4.jpg', 9),
(37, '2019-06-02', 0xb7981afd676111e99c9794de8021b409, '2XGk9lMaHR0cDovL29jZG4uZXUvaW1hZ2VzL3B1bHNjbXMvT1RjN01EQV8vODUzZWM2ODhkYmQ5OWVkMzVlNTEzY2YwYzM3YmZiZjIuanBlZ5GTAs0CQgCBAAE_1.jpg', 10),
(38, '2019-06-07', 0xb7981afd676111e99c9794de8021b409, '0-02-04-975029eec0d4c60e0cfe477a3bd31e495b81150bd708b22e27aa747cf5a40ac7_b8883fcd.jpg', 11),
(39, '2019-06-07', 0xb7981afd676111e99c9794de8021b409, '2XGk9lMaHR0cDovL29jZG4uZXUvaW1hZ2VzL3B1bHNjbXMvT1RjN01EQV8vODUzZWM2ODhkYmQ5OWVkMzVlNTEzY2YwYzM3YmZiZjIuanBlZ5GTAs0CQgCBAAE_2.jpg', 11),
(40, '2019-06-07', 0xb7981afd676111e99c9794de8021b409, 'download_5.jpg', 12),
(41, '2019-06-07', 0xb7981afd676111e99c9794de8021b409, 'maxresdefault_1.jpg', 12),
(42, '2019-06-07', 0xb7981afd676111e99c9794de8021b409, 'profimedia-0050591858_1000x0_1.jpg', 12),
(43, '2019-06-08', 0xb7981afd676111e99c9794de8021b409, '0-02-04-975029eec0d4c60e0cfe477a3bd31e495b81150bd708b22e27aa747cf5a40ac7_b8883fcd_1.jpg', 13),
(44, '2019-06-08', 0xb7981afd676111e99c9794de8021b409, '2XGk9lMaHR0cDovL29jZG4uZXUvaW1hZ2VzL3B1bHNjbXMvT1RjN01EQV8vODUzZWM2ODhkYmQ5OWVkMzVlNTEzY2YwYzM3YmZiZjIuanBlZ5GTAs0CQgCBAAE_3.jpg', 13),
(45, '2019-06-08', 0xb7981afd676111e99c9794de8021b409, 'profimedia-0050591858_1000x0_2.jpg', 13),
(46, '2019-06-09', 0xb7981afd676111e99c9794de8021b409, '2XGk9lMaHR0cDovL29jZG4uZXUvaW1hZ2VzL3B1bHNjbXMvT1RjN01EQV8vODUzZWM2ODhkYmQ5OWVkMzVlNTEzY2YwYzM3YmZiZjIuanBlZ5GTAs0CQgCBAAE_4.jpg', 14),
(47, '2019-06-09', 0xb7981afd676111e99c9794de8021b409, 'profimedia-0050591858_1000x0_3.jpg', 14),
(48, '2019-06-09', 0xb7981afd676111e99c9794de8021b409, '2XGk9lMaHR0cDovL29jZG4uZXUvaW1hZ2VzL3B1bHNjbXMvT1RjN01EQV8vODUzZWM2ODhkYmQ5OWVkMzVlNTEzY2YwYzM3YmZiZjIuanBlZ5GTAs0CQgCBAAE_5.jpg', 15),
(49, '2019-06-09', 0xb7981afd676111e99c9794de8021b409, 'profimedia-0050591858_1000x0_4.jpg', 15),
(50, '2019-06-09', 0xb7981afd676111e99c9794de8021b409, '2XGk9lMaHR0cDovL29jZG4uZXUvaW1hZ2VzL3B1bHNjbXMvT1RjN01EQV8vODUzZWM2ODhkYmQ5OWVkMzVlNTEzY2YwYzM3YmZiZjIuanBlZ5GTAs0CQgCBAAE_6.jpg', 16),
(51, '2019-06-09', 0xb7981afd676111e99c9794de8021b409, 'profimedia-0050591858_1000x0_5.jpg', 16);

-- --------------------------------------------------------

--
-- Table structure for table `member`
--

DROP TABLE IF EXISTS `member`;
CREATE TABLE IF NOT EXISTS `member` (
  `member_id` binary(16) NOT NULL,
  `member_public_name` varchar(50) NOT NULL,
  `member_email` varchar(50) NOT NULL,
  `member_password` varchar(50) NOT NULL,
  `member_register_date` date NOT NULL,
  `member_type` varchar(20) NOT NULL DEFAULT 'member',
  `member_image_id` int(11) DEFAULT NULL,
  `member_contact_mail` varchar(64) DEFAULT NULL,
  `memeber_contact_phone` varchar(20) DEFAULT NULL,
  PRIMARY KEY (`member_id`)
) ENGINE=MyISAM AUTO_INCREMENT=2 DEFAULT CHARSET=latin1;

--
-- Dumping data for table `member`
--

INSERT INTO `member` (`member_id`, `member_public_name`, `member_email`, `member_password`, `member_register_date`, `member_type`, `member_image_id`, `member_contact_mail`, `memeber_contact_phone`) VALUES
(0xb7981afd676111e99c9794de8021b409, 'iJovan', 'mladenovic97@gmail.com', 'jovan123', '2019-04-23', 'admin', 14, 'mladenovic97@gmail.com', '+38166422143');

-- --------------------------------------------------------

--
-- Table structure for table `member_session`
--

DROP TABLE IF EXISTS `member_session`;
CREATE TABLE IF NOT EXISTS `member_session` (
  `id` varchar(40) NOT NULL,
  `ip_address` varchar(45) NOT NULL,
  `timestamp` int(10) UNSIGNED NOT NULL DEFAULT '0',
  `data` blob NOT NULL,
  PRIMARY KEY (`id`)
) ENGINE=MyISAM DEFAULT CHARSET=latin1;

--
-- Dumping data for table `member_session`
--

INSERT INTO `member_session` (`id`, `ip_address`, `timestamp`, `data`) VALUES
('aord777v71trrb7ri6bo4s5m7pn7gf0o', '::1', 1560128834, 0x5f5f63695f6c6173745f726567656e65726174657c693a313536303132383733363b6d656d6265725f69647c733a33323a224237393831414644363736313131453939433937393444453830323142343039223b6d656d6265725f6c6f676765645f696e7c693a313b),
('kl7dpsisgoj90c84egvj5bm93ka36f4s', '::1', 1560128622, 0x5f5f63695f6c6173745f726567656e65726174657c693a313536303132383632323b),
('mqbvl3dtkf7hki5vnaqkcnjlg3o9c64k', '::1', 1560128720, 0x5f5f63695f6c6173745f726567656e65726174657c693a313536303132383632323b),
('j07caicujuial90mohdp1v80g5vsp39v', '::1', 1560128736, 0x5f5f63695f6c6173745f726567656e65726174657c693a313536303132383733363b6d656d6265725f69647c733a33323a224237393831414644363736313131453939433937393444453830323142343039223b6d656d6265725f6c6f676765645f696e7c693a313b),
('g184os0lq4efj3i5gohv0f9q3vqlcpug', '::1', 1560128095, 0x5f5f63695f6c6173745f726567656e65726174657c693a313536303132383039353b6d656d6265725f69647c733a33323a224237393831414644363736313131453939433937393444453830323142343039223b6d656d6265725f6c6f676765645f696e7c693a313b),
('6gr34sdiaclrdudu5a490gqj48dun28f', '::1', 1560127776, 0x5f5f63695f6c6173745f726567656e65726174657c693a313536303132373737363b6d656d6265725f69647c733a33323a224237393831414644363736313131453939433937393444453830323142343039223b6d656d6265725f6c6f676765645f696e7c693a313b),
('al21vsbv02ocjnlk2f1232u5oj9ego3p', '::1', 1560127337, 0x5f5f63695f6c6173745f726567656e65726174657c693a313536303132373333373b6d656d6265725f69647c733a33323a224237393831414644363736313131453939433937393444453830323142343039223b6d656d6265725f6c6f676765645f696e7c693a313b),
('h92i4a7m23p82h83cr364m5rg8ib6utl', '::1', 1560126754, 0x5f5f63695f6c6173745f726567656e65726174657c693a313536303132363735343b6d656d6265725f69647c733a33323a224237393831414644363736313131453939433937393444453830323142343039223b6d656d6265725f6c6f676765645f696e7c693a313b),
('jnlmo1jv7sml9egrfhmm5v8a7m0419ko', '::1', 1560126289, 0x5f5f63695f6c6173745f726567656e65726174657c693a313536303132363238393b6d656d6265725f69647c733a33323a224237393831414644363736313131453939433937393444453830323142343039223b6d656d6265725f6c6f676765645f696e7c693a313b),
('pjjt9m0ess9pghdp2mmilgtgkd89ak5h', '::1', 1560125871, 0x5f5f63695f6c6173745f726567656e65726174657c693a313536303132353837313b6d656d6265725f69647c733a33323a224237393831414644363736313131453939433937393444453830323142343039223b6d656d6265725f6c6f676765645f696e7c693a313b),
('6mvi7mjj1ctpul5bdoe0c9ig7hg3pqog', '::1', 1560125342, 0x5f5f63695f6c6173745f726567656e65726174657c693a313536303132353334323b6d656d6265725f69647c733a33323a224237393831414644363736313131453939433937393444453830323142343039223b6d656d6265725f6c6f676765645f696e7c693a313b),
('4j5is4l2hc0nvf1047sq7ccundhrigau', '::1', 1560124992, 0x5f5f63695f6c6173745f726567656e65726174657c693a313536303132343939323b6d656d6265725f69647c733a33323a224237393831414644363736313131453939433937393444453830323142343039223b6d656d6265725f6c6f676765645f696e7c693a313b),
('klsebm9qvb7sjfs249hq0k90cppik20q', '::1', 1560124655, 0x5f5f63695f6c6173745f726567656e65726174657c693a313536303132343635353b6d656d6265725f69647c733a33323a224237393831414644363736313131453939433937393444453830323142343039223b6d656d6265725f6c6f676765645f696e7c693a313b),
('6t3920n05qsbr3dqpepndms1e0u1s3pa', '::1', 1560115643, 0x5f5f63695f6c6173745f726567656e65726174657c693a313536303131353634333b6d656d6265725f69647c733a33323a224237393831414644363736313131453939433937393444453830323142343039223b6d656d6265725f6c6f676765645f696e7c693a313b),
('cderhrp8p8f0paisfn52t4ekcrce99ra', '::1', 1560114489, 0x5f5f63695f6c6173745f726567656e65726174657c693a313536303131343438393b6d656d6265725f69647c733a33323a224237393831414644363736313131453939433937393444453830323142343039223b6d656d6265725f6c6f676765645f696e7c693a313b),
('7s7hh1fa6uiprvr7kb7q157qpe6qs26e', '::1', 1560114062, 0x5f5f63695f6c6173745f726567656e65726174657c693a313536303131343036323b6d656d6265725f69647c733a33323a224237393831414644363736313131453939433937393444453830323142343039223b6d656d6265725f6c6f676765645f696e7c693a313b),
('15vn8k0t2e19ip6d9d1i20e3j2jqhbga', '::1', 1560113734, 0x5f5f63695f6c6173745f726567656e65726174657c693a313536303131333733343b6d656d6265725f69647c733a33323a224237393831414644363736313131453939433937393444453830323142343039223b6d656d6265725f6c6f676765645f696e7c693a313b),
('spgn6cjsctqhi5cv51rdj78m5mhpggoi', '::1', 1560113294, 0x5f5f63695f6c6173745f726567656e65726174657c693a313536303131333239343b6d656d6265725f69647c733a33323a224237393831414644363736313131453939433937393444453830323142343039223b6d656d6265725f6c6f676765645f696e7c693a313b),
('poe7js4l4pdn85kavdt6784n83pfjs87', '::1', 1560112883, 0x5f5f63695f6c6173745f726567656e65726174657c693a313536303131323838333b6d656d6265725f69647c733a33323a224237393831414644363736313131453939433937393444453830323142343039223b6d656d6265725f6c6f676765645f696e7c693a313b),
('lep0jk5ovrplfgnuopb8csnrmif6ickf', '::1', 1560112330, 0x5f5f63695f6c6173745f726567656e65726174657c693a313536303131323333303b6d656d6265725f69647c733a33323a224237393831414644363736313131453939433937393444453830323142343039223b6d656d6265725f6c6f676765645f696e7c693a313b),
('0d1u56hjiiu5385u7eivu4airmo5tfin', '::1', 1560112003, 0x5f5f63695f6c6173745f726567656e65726174657c693a313536303131323030333b6d656d6265725f69647c733a33323a224237393831414644363736313131453939433937393444453830323142343039223b6d656d6265725f6c6f676765645f696e7c693a313b),
('rjgcvncki1c7eienjt5th6606ss33era', '::1', 1560111617, 0x5f5f63695f6c6173745f726567656e65726174657c693a313536303131313631373b6d656d6265725f69647c733a33323a224237393831414644363736313131453939433937393444453830323142343039223b6d656d6265725f6c6f676765645f696e7c693a313b),
('lo6ouu8rc1fvpmbc91iastufeoau2794', '::1', 1560103432, 0x5f5f63695f6c6173745f726567656e65726174657c693a313536303130333433323b6d656d6265725f69647c733a33323a224237393831414644363736313131453939433937393444453830323142343039223b6d656d6265725f6c6f676765645f696e7c693a313b),
('qe4mo48536tthpo49js3qhrtvfbu3oq3', '::1', 1560103117, 0x5f5f63695f6c6173745f726567656e65726174657c693a313536303130333131373b6d656d6265725f69647c733a33323a224237393831414644363736313131453939433937393444453830323142343039223b6d656d6265725f6c6f676765645f696e7c693a313b),
('29cgcvjl93habev9capr71p8h151d1vu', '::1', 1560102784, 0x5f5f63695f6c6173745f726567656e65726174657c693a313536303130323738343b6d656d6265725f69647c733a33323a224237393831414644363736313131453939433937393444453830323142343039223b6d656d6265725f6c6f676765645f696e7c693a313b),
('pgigu8vcki772kkhc646deiqli2sr4l5', '::1', 1560102466, 0x5f5f63695f6c6173745f726567656e65726174657c693a313536303130323436363b6d656d6265725f69647c733a33323a224237393831414644363736313131453939433937393444453830323142343039223b6d656d6265725f6c6f676765645f696e7c693a313b),
('kaj1b8udqmq2me13bte42jopb6uf7msj', '::1', 1560102087, 0x5f5f63695f6c6173745f726567656e65726174657c693a313536303130323038373b6d656d6265725f69647c733a33323a224237393831414644363736313131453939433937393444453830323142343039223b6d656d6265725f6c6f676765645f696e7c693a313b),
('mrdbs6mgi6b9t555oi9hv27b6sup66mk', '::1', 1560100597, 0x5f5f63695f6c6173745f726567656e65726174657c693a313536303130303539373b6d656d6265725f69647c733a33323a224237393831414644363736313131453939433937393444453830323142343039223b6d656d6265725f6c6f676765645f696e7c693a313b),
('hv33mg30ek2bbuvjkc7u05vf6l5rcmoj', '::1', 1560100281, 0x5f5f63695f6c6173745f726567656e65726174657c693a313536303130303238313b6d656d6265725f69647c733a33323a224237393831414644363736313131453939433937393444453830323142343039223b6d656d6265725f6c6f676765645f696e7c693a313b),
('hmrhotbvi9083ktf8ih7thuhls88skd1', '::1', 1560089074, 0x5f5f63695f6c6173745f726567656e65726174657c693a313536303038393037343b6d656d6265725f69647c733a33323a224237393831414644363736313131453939433937393444453830323142343039223b6d656d6265725f6c6f676765645f696e7c693a313b),
('jauug2f6r1fs6r7auljuh3pkbejnj9r0', '::1', 1560087948, 0x5f5f63695f6c6173745f726567656e65726174657c693a313536303038373934383b6d656d6265725f69647c733a33323a224237393831414644363736313131453939433937393444453830323142343039223b6d656d6265725f6c6f676765645f696e7c693a313b),
('p0bdheasrkah1mfs6etfh3v92sus0es3', '::1', 1560087544, 0x5f5f63695f6c6173745f726567656e65726174657c693a313536303038373534343b6d656d6265725f69647c733a33323a224237393831414644363736313131453939433937393444453830323142343039223b6d656d6265725f6c6f676765645f696e7c693a313b),
('m4b9d0p35u22bm5n5s7hhuti0feogbtj', '::1', 1560087217, 0x5f5f63695f6c6173745f726567656e65726174657c693a313536303038373231373b6d656d6265725f69647c733a33323a224237393831414644363736313131453939433937393444453830323142343039223b6d656d6265725f6c6f676765645f696e7c693a313b),
('ovk8nb4lcvpnoo1g6riah16jumvcq35g', '::1', 1560086884, 0x5f5f63695f6c6173745f726567656e65726174657c693a313536303038363838343b6d656d6265725f69647c733a33323a224237393831414644363736313131453939433937393444453830323142343039223b6d656d6265725f6c6f676765645f696e7c693a313b),
('9qaujm5dmd50o00ugeskjq6v6b82ca44', '::1', 1560086513, 0x5f5f63695f6c6173745f726567656e65726174657c693a313536303038363531333b6d656d6265725f69647c733a33323a224237393831414644363736313131453939433937393444453830323142343039223b6d656d6265725f6c6f676765645f696e7c693a313b),
('j1acerdv03itd9pss3th5g07h9e9908k', '::1', 1560019070, 0x5f5f63695f6c6173745f726567656e65726174657c693a313536303031393037303b6d656d6265725f69647c733a33323a224237393831414644363736313131453939433937393444453830323142343039223b6d656d6265725f6c6f676765645f696e7c693a313b),
('ek4mk2h6k8h6d0p8ek4qkim39lrbhd33', '::1', 1560018505, 0x5f5f63695f6c6173745f726567656e65726174657c693a313536303031383530353b6d656d6265725f69647c733a33323a224237393831414644363736313131453939433937393444453830323142343039223b6d656d6265725f6c6f676765645f696e7c693a313b),
('b91epai7811v1o922lqqjqrqk5sngetq', '::1', 1560018134, 0x5f5f63695f6c6173745f726567656e65726174657c693a313536303031383133343b6d656d6265725f69647c733a33323a224237393831414644363736313131453939433937393444453830323142343039223b6d656d6265725f6c6f676765645f696e7c693a313b),
('69tg6f3qat6jphjm909ng1b4b09ca3lu', '::1', 1560017818, 0x5f5f63695f6c6173745f726567656e65726174657c693a313536303031373831383b6d656d6265725f69647c733a33323a224237393831414644363736313131453939433937393444453830323142343039223b6d656d6265725f6c6f676765645f696e7c693a313b),
('p05tqmls5a9bjft8h52fllbjn00pqcit', '::1', 1560017299, 0x5f5f63695f6c6173745f726567656e65726174657c693a313536303031373239393b6d656d6265725f69647c733a33323a224237393831414644363736313131453939433937393444453830323142343039223b6d656d6265725f6c6f676765645f696e7c693a313b),
('j3ig62ur0669qhe56ft0fga308i52kch', '::1', 1560016178, 0x5f5f63695f6c6173745f726567656e65726174657c693a313536303031363137383b6d656d6265725f69647c733a33323a224237393831414644363736313131453939433937393444453830323142343039223b6d656d6265725f6c6f676765645f696e7c693a313b),
('kk1vgvdo10l06ofdvdbt5qfaho8rc3ld', '::1', 1560015614, 0x5f5f63695f6c6173745f726567656e65726174657c693a313536303031353631343b6d656d6265725f69647c733a33323a224237393831414644363736313131453939433937393444453830323142343039223b6d656d6265725f6c6f676765645f696e7c693a313b),
('8cfv3675rh6ehe104eb7m296jsbaglfg', '::1', 1560014990, 0x5f5f63695f6c6173745f726567656e65726174657c693a313536303031343939303b6d656d6265725f69647c733a33323a224237393831414644363736313131453939433937393444453830323142343039223b6d656d6265725f6c6f676765645f696e7c693a313b),
('i87ok2m6rs075t44p3rh938d59fljhdc', '::1', 1560014650, 0x5f5f63695f6c6173745f726567656e65726174657c693a313536303031343635303b6d656d6265725f69647c733a33323a224237393831414644363736313131453939433937393444453830323142343039223b6d656d6265725f6c6f676765645f696e7c693a313b),
('pilr30uipc1u191bs87tk6ahsr7id6k6', '::1', 1560014338, 0x5f5f63695f6c6173745f726567656e65726174657c693a313536303031343333383b6d656d6265725f69647c733a33323a224237393831414644363736313131453939433937393444453830323142343039223b6d656d6265725f6c6f676765645f696e7c693a313b),
('fgugic64nfhl9083t2ejadn35okk5vuu', '::1', 1560014007, 0x5f5f63695f6c6173745f726567656e65726174657c693a313536303031343030373b6d656d6265725f69647c733a33323a224237393831414644363736313131453939433937393444453830323142343039223b6d656d6265725f6c6f676765645f696e7c693a313b),
('uik457d10nvl1i4vnh42jqich0macngl', '::1', 1560013616, 0x5f5f63695f6c6173745f726567656e65726174657c693a313536303031333631363b6d656d6265725f69647c733a33323a224237393831414644363736313131453939433937393444453830323142343039223b6d656d6265725f6c6f676765645f696e7c693a313b),
('48an2p1181u8gbs43sk8n2jk8pqdka75', '::1', 1560013144, 0x5f5f63695f6c6173745f726567656e65726174657c693a313536303031333134343b6d656d6265725f69647c733a33323a224237393831414644363736313131453939433937393444453830323142343039223b6d656d6265725f6c6f676765645f696e7c693a313b),
('vjt5qc6ak3hrmfs25nee3g2scq2m4ja0', '::1', 1560003602, 0x5f5f63695f6c6173745f726567656e65726174657c693a313536303030333630323b6d656d6265725f69647c733a33323a224237393831414644363736313131453939433937393444453830323142343039223b6d656d6265725f6c6f676765645f696e7c693a313b),
('hlf6gldnfo1qd5ksv1frhb0rucchuh92', '::1', 1560003261, 0x5f5f63695f6c6173745f726567656e65726174657c693a313536303030333236313b6d656d6265725f69647c733a33323a224237393831414644363736313131453939433937393444453830323142343039223b6d656d6265725f6c6f676765645f696e7c693a313b),
('a55cfsvbe4p5dohtiq9h8csk1fd0a2oj', '::1', 1560001714, 0x5f5f63695f6c6173745f726567656e65726174657c693a313536303030313731343b6d656d6265725f69647c733a33323a224237393831414644363736313131453939433937393444453830323142343039223b6d656d6265725f6c6f676765645f696e7c693a313b),
('7v42bgfpuevjo7jeh50gob99itrbq9ur', '::1', 1560001386, 0x5f5f63695f6c6173745f726567656e65726174657c693a313536303030313338363b6d656d6265725f69647c733a33323a224237393831414644363736313131453939433937393444453830323142343039223b6d656d6265725f6c6f676765645f696e7c693a313b),
('l3q6s28m859aih8khbrlqs3dr7k3pb9l', '::1', 1560000900, 0x5f5f63695f6c6173745f726567656e65726174657c693a313536303030303930303b6d656d6265725f69647c733a33323a224237393831414644363736313131453939433937393444453830323142343039223b6d656d6265725f6c6f676765645f696e7c693a313b),
('5fnhngou37k0ipruuan2d7l9528u92mh', '::1', 1559991356, 0x5f5f63695f6c6173745f726567656e65726174657c693a313535393939313335363b6d656d6265725f69647c733a33323a224237393831414644363736313131453939433937393444453830323142343039223b6d656d6265725f6c6f676765645f696e7c693a313b),
('m5sk8e4tr77s13omiuej4s70ou27hl0p', '::1', 1559956455, 0x5f5f63695f6c6173745f726567656e65726174657c693a313535393935363435353b6d656d6265725f69647c733a33323a224237393831414644363736313131453939433937393444453830323142343039223b6d656d6265725f6c6f676765645f696e7c693a313b),
('gm0913khjbtvcifkbdgl6kg8riik6e0t', '::1', 1559955727, 0x5f5f63695f6c6173745f726567656e65726174657c693a313535393935353732373b6d656d6265725f69647c733a33323a224237393831414644363736313131453939433937393444453830323142343039223b6d656d6265725f6c6f676765645f696e7c693a313b),
('qlfdpmvdrm36cqcfossd06qm2311mdbb', '::1', 1559955013, 0x5f5f63695f6c6173745f726567656e65726174657c693a313535393935353031333b6d656d6265725f69647c733a33323a224237393831414644363736313131453939433937393444453830323142343039223b6d656d6265725f6c6f676765645f696e7c693a313b),
('jurdql2gejkkbiisjap9khmi03uhf36h', '::1', 1559954660, 0x5f5f63695f6c6173745f726567656e65726174657c693a313535393935343636303b6d656d6265725f69647c733a33323a224237393831414644363736313131453939433937393444453830323142343039223b6d656d6265725f6c6f676765645f696e7c693a313b),
('mc7el2dc1r9q2mcp2av8jgjldenk8ddf', '::1', 1559934356, 0x5f5f63695f6c6173745f726567656e65726174657c693a313535393933343335363b6d656d6265725f69647c733a33323a224237393831414644363736313131453939433937393444453830323142343039223b6d656d6265725f6c6f676765645f696e7c693a313b),
('sng1h57k6kldma429jhog53al620kqcl', '::1', 1559934053, 0x5f5f63695f6c6173745f726567656e65726174657c693a313535393933343035333b6d656d6265725f69647c733a33323a224237393831414644363736313131453939433937393444453830323142343039223b6d656d6265725f6c6f676765645f696e7c693a313b),
('rpvebb7c01gk9na0pvbl35pe43onpgpb', '::1', 1559933667, 0x5f5f63695f6c6173745f726567656e65726174657c693a313535393933333636373b6d656d6265725f69647c733a33323a224237393831414644363736313131453939433937393444453830323142343039223b6d656d6265725f6c6f676765645f696e7c693a313b),
('osbfn15u8qq3vt35a318mk97rhcgvtcs', '::1', 1559925478, 0x5f5f63695f6c6173745f726567656e65726174657c693a313535393932353437383b6d656d6265725f69647c733a33323a224237393831414644363736313131453939433937393444453830323142343039223b6d656d6265725f6c6f676765645f696e7c693a313b),
('p2q8beu1d88l1ibkr6q202qj7v2tq946', '::1', 1559925165, 0x5f5f63695f6c6173745f726567656e65726174657c693a313535393932353136353b6d656d6265725f69647c733a33323a224237393831414644363736313131453939433937393444453830323142343039223b6d656d6265725f6c6f676765645f696e7c693a313b),
('6clgeni1n8aj771ndis1gdb9fogg4m4o', '::1', 1559923088, 0x5f5f63695f6c6173745f726567656e65726174657c693a313535393932333030373b),
('ridarlmsum8casc6s86lel35qert6p5c', '::1', 1559924860, 0x5f5f63695f6c6173745f726567656e65726174657c693a313535393932343836303b6d656d6265725f69647c733a33323a224237393831414644363736313131453939433937393444453830323142343039223b6d656d6265725f6c6f676765645f696e7c693a313b),
('mrvap87ldfnh1o3vvc788ennkvg0vlhc', '::1', 1559924554, 0x5f5f63695f6c6173745f726567656e65726174657c693a313535393932343535343b6d656d6265725f69647c733a33323a224237393831414644363736313131453939433937393444453830323142343039223b6d656d6265725f6c6f676765645f696e7c693a313b),
('ap2l4c50rmkbskj9h2tdao475cqo0db2', '::1', 1559922271, 0x5f5f63695f6c6173745f726567656e65726174657c693a313535393932323237313b6d656d6265725f69647c733a33323a224237393831414644363736313131453939433937393444453830323142343039223b6d656d6265725f6c6f676765645f696e7c693a313b),
('7tden89ac9nbm84q65bhaj4gccbsba91', '::1', 1559921783, 0x5f5f63695f6c6173745f726567656e65726174657c693a313535393932313738333b6d656d6265725f69647c733a33323a224237393831414644363736313131453939433937393444453830323142343039223b6d656d6265725f6c6f676765645f696e7c693a313b),
('ckiflbtoa31vlak98bb0e66042cjrgbr', '::1', 1559921464, 0x5f5f63695f6c6173745f726567656e65726174657c693a313535393932313436343b6d656d6265725f69647c733a33323a224237393831414644363736313131453939433937393444453830323142343039223b6d656d6265725f6c6f676765645f696e7c693a313b),
('fl1mjnvqogo4087838ub2cau5mkjs50u', '::1', 1559920960, 0x5f5f63695f6c6173745f726567656e65726174657c693a313535393932303936303b6d656d6265725f69647c733a33323a224237393831414644363736313131453939433937393444453830323142343039223b6d656d6265725f6c6f676765645f696e7c693a313b),
('sasqjssm3pkkf5dk1osibj2audf80lr2', '::1', 1559920018, 0x5f5f63695f6c6173745f726567656e65726174657c693a313535393932303031383b6d656d6265725f69647c733a33323a224237393831414644363736313131453939433937393444453830323142343039223b6d656d6265725f6c6f676765645f696e7c693a313b),
('r5n5e55fe8ovjdc1g6a4k8rmteej2tgv', '::1', 1559919566, 0x5f5f63695f6c6173745f726567656e65726174657c693a313535393931393536363b6d656d6265725f69647c733a33323a224237393831414644363736313131453939433937393444453830323142343039223b6d656d6265725f6c6f676765645f696e7c693a313b),
('okgi39ukopao4ao8dicpd7jhnqhkt6vg', '::1', 1559919126, 0x5f5f63695f6c6173745f726567656e65726174657c693a313535393931393132363b6d656d6265725f69647c733a33323a224237393831414644363736313131453939433937393444453830323142343039223b6d656d6265725f6c6f676765645f696e7c693a313b),
('m47rckogkg3vrapm53gncncrkpcm0ti5', '::1', 1559918737, 0x5f5f63695f6c6173745f726567656e65726174657c693a313535393931383733373b6d656d6265725f69647c733a33323a224237393831414644363736313131453939433937393444453830323142343039223b6d656d6265725f6c6f676765645f696e7c693a313b),
('bf20vmedlu6sliondgooi7j7eo0mbjeu', '::1', 1559918284, 0x5f5f63695f6c6173745f726567656e65726174657c693a313535393931383238343b6d656d6265725f69647c733a33323a224237393831414644363736313131453939433937393444453830323142343039223b6d656d6265725f6c6f676765645f696e7c693a313b),
('ni8ptku0a7pvq3o86ffpmhqqu7v86q69', '::1', 1559917816, 0x5f5f63695f6c6173745f726567656e65726174657c693a313535393931373831363b6d656d6265725f69647c733a33323a224237393831414644363736313131453939433937393444453830323142343039223b6d656d6265725f6c6f676765645f696e7c693a313b),
('g2pljsi20g72j8l73eu5j406f5cnigrg', '::1', 1559902293, 0x5f5f63695f6c6173745f726567656e65726174657c693a313535393930323239333b6d656d6265725f69647c733a33323a224237393831414644363736313131453939433937393444453830323142343039223b6d656d6265725f6c6f676765645f696e7c693a313b),
('tvq418aa4bfrhd816qoq01l0cpaug6ve', '::1', 1559868103, 0x5f5f63695f6c6173745f726567656e65726174657c693a313535393836383130333b6d656d6265725f69647c733a33323a224237393831414644363736313131453939433937393444453830323142343039223b6d656d6265725f6c6f676765645f696e7c693a313b),
('3369g8o64npvcfbfkas1unemadic3pcv', '::1', 1559867760, 0x5f5f63695f6c6173745f726567656e65726174657c693a313535393836373736303b6d656d6265725f69647c733a33323a224237393831414644363736313131453939433937393444453830323142343039223b6d656d6265725f6c6f676765645f696e7c693a313b),
('827ta63gd1kig1v8entqdiu24cluauor', '::1', 1559867399, 0x5f5f63695f6c6173745f726567656e65726174657c693a313535393836373339393b6d656d6265725f69647c733a33323a224237393831414644363736313131453939433937393444453830323142343039223b6d656d6265725f6c6f676765645f696e7c693a313b),
('mdqqe3801uhs5jm8kf20oueufp43iu6n', '::1', 1559867042, 0x5f5f63695f6c6173745f726567656e65726174657c693a313535393836373034323b6d656d6265725f69647c733a33323a224237393831414644363736313131453939433937393444453830323142343039223b6d656d6265725f6c6f676765645f696e7c693a313b),
('m8hi9f486fld0gmrt4baads7qhonkg1e', '::1', 1559866598, 0x5f5f63695f6c6173745f726567656e65726174657c693a313535393836363539383b6d656d6265725f69647c733a33323a224237393831414644363736313131453939433937393444453830323142343039223b6d656d6265725f6c6f676765645f696e7c693a313b),
('4br6kmbn8l6gn5seksj4nsi2ipktu1lv', '::1', 1559865889, 0x5f5f63695f6c6173745f726567656e65726174657c693a313535393836353838393b6d656d6265725f69647c733a33323a224237393831414644363736313131453939433937393444453830323142343039223b6d656d6265725f6c6f676765645f696e7c693a313b),
('707u4b1nkll6m7johde3o45ftk9fb9f9', '::1', 1559865576, 0x5f5f63695f6c6173745f726567656e65726174657c693a313535393836353537363b6d656d6265725f69647c733a33323a224237393831414644363736313131453939433937393444453830323142343039223b6d656d6265725f6c6f676765645f696e7c693a313b),
('un8pjbl9apaligu34hrl57e78h3qhrgi', '::1', 1559501423, 0x5f5f63695f6c6173745f726567656e65726174657c693a313535393530313432333b6d656d6265725f69647c733a33323a224237393831414644363736313131453939433937393444453830323142343039223b6d656d6265725f6c6f676765645f696e7c693a313b),
('1er9aap5bdoomve9baf27un8ople4ue2', '::1', 1559501041, 0x5f5f63695f6c6173745f726567656e65726174657c693a313535393530313034313b6d656d6265725f69647c733a33323a224237393831414644363736313131453939433937393444453830323142343039223b6d656d6265725f6c6f676765645f696e7c693a313b),
('qci2dbt5000d9ddop2nd1s6qrggahrpa', '::1', 1559500331, 0x5f5f63695f6c6173745f726567656e65726174657c693a313535393530303333313b),
('0sqphtf63oo170kpfn1anm4j8jf5saed', '::1', 1559500634, 0x5f5f63695f6c6173745f726567656e65726174657c693a313535393530303633343b);

-- --------------------------------------------------------

--
-- Table structure for table `notification`
--

DROP TABLE IF EXISTS `notification`;
CREATE TABLE IF NOT EXISTS `notification` (
  `notification_id` int(11) NOT NULL AUTO_INCREMENT,
  `notification_tittle` varchar(64) COLLATE utf8_bin DEFAULT NULL,
  `notification_description` mediumtext COLLATE utf8_bin,
  `notification_sender_id` binary(16) DEFAULT NULL,
  `notification_lat` decimal(30,14) DEFAULT NULL,
  `notification_lng` decimal(30,14) DEFAULT NULL,
  `notification_radius` decimal(30,14) DEFAULT NULL,
  `notification_response` binary(16) DEFAULT NULL,
  `notification_responder_id` binary(16) DEFAULT NULL,
  `notification_gallery_id` int(11) DEFAULT NULL,
  `notification_send_date` datetime DEFAULT NULL,
  `notification_respond_date` datetime DEFAULT NULL,
  PRIMARY KEY (`notification_id`),
  KEY `notification_sender` (`notification_sender_id`),
  KEY `notification_responder` (`notification_responder_id`),
  KEY `notification_gallery` (`notification_gallery_id`)
) ENGINE=MyISAM AUTO_INCREMENT=10 DEFAULT CHARSET=utf8 COLLATE=utf8_bin;

--
-- Dumping data for table `notification`
--

INSERT INTO `notification` (`notification_id`, `notification_tittle`, `notification_description`, `notification_sender_id`, `notification_lat`, `notification_lng`, `notification_radius`, `notification_response`, `notification_responder_id`, `notification_gallery_id`, `notification_send_date`, `notification_respond_date`) VALUES
(3, 'aaaaaaaa', 'adasdasdasda', 0xb7981afd676111e99c9794de8021b409, '43.00000000000000', '22.00000000000000', '722.00000000000000', NULL, NULL, NULL, NULL, NULL),
(4, 'sadfasdfasdf', 'sadfasdfasdf', 0xb7981afd676111e99c9794de8021b409, '43.00000000000000', '22.00000000000000', '100.00000000000000', NULL, NULL, NULL, '2019-06-08 01:02:14', NULL),
(5, 'gfdsgsdf', 'dfgsgsdfg\ngsdf\ng', 0xb7981afd676111e99c9794de8021b409, '43.00000000000000', '22.00000000000000', '399.00000000000000', NULL, NULL, NULL, '2019-06-08 18:23:52', NULL),
(6, 'vvvvvv', 'vvfasdasdf\nasd\nfa\nsdf\nas\ndf\nasd\nf', 0xb7981afd676111e99c9794de8021b409, '43.00000000000000', '22.00000000000000', '354.00000000000000', NULL, NULL, 13, '2019-06-08 18:24:09', NULL),
(7, 'Opasan pas', 'Video sam psa koji je delovao veoma agresivno u centru.', 0xb7981afd676111e99c9794de8021b409, '43.00000000000000', '22.00000000000000', '124.00000000000000', NULL, NULL, 14, '2019-06-09 20:55:34', NULL),
(8, 'Opasan pas', 'dfgdsfgsdfgdfs', 0xb7981afd676111e99c9794de8021b409, '43.00000000000000', '22.00000000000000', '180.00000000000000', NULL, NULL, 15, '2019-06-09 21:01:02', NULL),
(9, 'Opasan pas', 'Video sam psa koji je delovao veoma agresivno u centru.', 0xb7981afd676111e99c9794de8021b409, '43.31941737559335', '21.89514577388763', '97.39555772453753', 0x616a68686a61736764666b616a797364, 0xb7981afd676111e99c9794de8021b409, 16, '2019-06-09 21:08:09', '2019-06-09 21:31:08');

-- --------------------------------------------------------

--
-- Table structure for table `pet`
--

DROP TABLE IF EXISTS `pet`;
CREATE TABLE IF NOT EXISTS `pet` (
  `pet_id` int(11) NOT NULL AUTO_INCREMENT,
  `pet_name` varchar(50) COLLATE utf8_bin DEFAULT NULL,
  `pet_description` mediumtext COLLATE utf8_bin,
  `pet_type` varchar(20) COLLATE utf8_bin DEFAULT NULL,
  `pet_race` varchar(20) COLLATE utf8_bin DEFAULT NULL,
  `pet_size` varchar(20) COLLATE utf8_bin DEFAULT NULL,
  `pet_sex` varchar(10) COLLATE utf8_bin DEFAULT NULL,
  `pet_taxonomy` varchar(20) COLLATE utf8_bin DEFAULT NULL,
  `pet_captured` varchar(20) COLLATE utf8_bin DEFAULT NULL,
  `gallery_id` varchar(20) COLLATE utf8_bin DEFAULT NULL,
  `member_id` binary(16) DEFAULT NULL,
  `pet_post_date` date DEFAULT NULL,
  `pet_update_date` date DEFAULT NULL,
  PRIMARY KEY (`pet_id`),
  KEY `member_id` (`member_id`)
) ENGINE=MyISAM AUTO_INCREMENT=21 DEFAULT CHARSET=utf8 COLLATE=utf8_bin;

--
-- Dumping data for table `pet`
--

INSERT INTO `pet` (`pet_id`, `pet_name`, `pet_description`, `pet_type`, `pet_race`, `pet_size`, `pet_sex`, `pet_taxonomy`, `pet_captured`, `gallery_id`, `member_id`, `pet_post_date`, `pet_update_date`) VALUES
(1, 'fsdfasd', 'fsdadfasdf', 'mačka', 'nisam siguran', 'small', 'male', 'lost', '0', NULL, 0xb7981afd676111e99c9794de8021b409, '2019-05-27', '2019-05-27'),
(2, 'fsdfasd', 'fsdadfasdf', 'mačka', 'nisam siguran', 'small', 'male', 'lost', '0', '2', 0xb7981afd676111e99c9794de8021b409, '2019-05-27', '2019-05-27'),
(3, 'fsdfsd', 'fdsafsa', 'mačka', 'nisam siguran', 'small', 'male', 'lost', '0', NULL, 0xb7981afd676111e99c9794de8021b409, '2019-05-27', '2019-05-27'),
(4, '', '', 'mačka', 'nisam siguran', 'small', 'male', 'lost', '0', NULL, 0xb7981afd676111e99c9794de8021b409, '2019-05-27', '2019-05-27'),
(5, '', '', 'mačka', 'nisam siguran', 'small', 'male', 'lost', '0', NULL, 0xb7981afd676111e99c9794de8021b409, '2019-05-27', '2019-05-27'),
(6, 'cccccccccccccc', 'fasdfasdfasd', 'mačka', 'nisam siguran', 'small', 'male', 'lost', '0', '3', 0xb7981afd676111e99c9794de8021b409, '2019-05-27', '2019-05-27'),
(7, 'vvvvvvvvvvv', 'fsdafsda\nd\nsfa\nds\nf', 'mačka', 'nisam siguran', 'large', 'male', 'lost', '0', '4', 0xb7981afd676111e99c9794de8021b409, '2019-05-27', '2019-05-27'),
(8, '', '', 'mačka', 'nisam siguran', 'small', 'male', 'lost', '0', NULL, 0xb7981afd676111e99c9794de8021b409, '2019-05-27', '2019-05-27'),
(9, '', '', 'mačka', 'nisam siguran', 'small', 'male', 'lost', '0', NULL, 0xb7981afd676111e99c9794de8021b409, '2019-05-27', '2019-05-27'),
(10, 'hgggggg', 'fghdhgrfsdgfdsgdfshgdshdgfs', 'pas', 'staford', 'large', 'male', 'adoption', '0', '5', 0xb7981afd676111e99c9794de8021b409, '2019-05-27', '2019-05-27'),
(11, '', '', 'mačka', 'nisam siguran', 'small', 'male', 'lost', '0', NULL, 0xb7981afd676111e99c9794de8021b409, '2019-06-01', '2019-06-01'),
(12, 'MAX', '', 'riba', 'skalar', 'small', 'female', 'lost', '0', '6', 0xb7981afd676111e99c9794de8021b409, '2019-06-01', '2019-06-01'),
(14, 'fsadfasfdasd', '', 'mačka', 'nisam siguran', 'small', 'male', 'lost', '0', NULL, 0xb7981afd676111e99c9794de8021b409, '2019-06-02', '2019-06-02'),
(15, '', '', 'mačka', 'nisam siguran', 'small', 'male', 'lost', '0', NULL, 0xb7981afd676111e99c9794de8021b409, '2019-06-02', '2019-06-02'),
(16, 'miroljub', 'Star oko 2 godine.\n\nNemam dovoljno uslova da bih ga nastavio cuvati.', 'pas', 'staford', 'medium', 'male', 'adoption', '0', '8', 0xb7981afd676111e99c9794de8021b409, '2019-06-02', '2019-06-02'),
(17, 'Marko', 'dasDADA', 'pas', 'buldog', 'small', 'male', 'lost', '0', '9', 0xb7981afd676111e99c9794de8021b409, '2019-06-02', '2019-06-02'),
(18, 'FASDFSDFASD', 'FDASFASE432134DGSHFHGFHSFG', 'riba', 'borac', 'small', 'male', 'lost', '0', NULL, 0xb7981afd676111e99c9794de8021b409, '2019-06-02', '2019-06-02'),
(19, 'GDAFGDFSGSDF', 'AFGSDFGAREWGEWGTWQETRRGAER', 'mačka', 'nisam siguran', 'small', 'male', 'lost', '0', '10', 0xb7981afd676111e99c9794de8021b409, '2019-06-02', '2019-06-02'),
(20, '', '', 'mačka', 'nisam siguran', 'small', 'male', 'lost', '0', NULL, 0xb7981afd676111e99c9794de8021b409, '2019-06-07', '2019-06-07');
COMMIT;

/*!40101 SET CHARACTER_SET_CLIENT=@OLD_CHARACTER_SET_CLIENT */;
/*!40101 SET CHARACTER_SET_RESULTS=@OLD_CHARACTER_SET_RESULTS */;
/*!40101 SET COLLATION_CONNECTION=@OLD_COLLATION_CONNECTION */;
